Complication,cate
What are the complications of Neurological Complications of AIDS ?,Neurological Complications of AIDS
What are the complications of Wilson Disease ?,Wilson Disease
What are the complications of Renal Artery Stenosis ?,Renal Artery Stenosis
What are the complications of Machado-Joseph Disease ?,Machado-Joseph Disease
What are the complications of Knee Replacement ?,Knee Replacement
What are the complications of Whipple Disease ?,Whipple Disease
What are the complications of Primary Sclerosing Cholangitis ?,Primary Sclerosing Cholangitis
What are the complications of Hemochromatosis ?,Hemochromatosis
What are the complications of Crohn's Disease ?,Crohn's Disease
What are the complications of Perineal Injury in Males ?,Perineal Injury in Males
What are the complications of Henoch-Schnlein Purpura ?,Henoch-Schnlein Purpura
What are the complications of Kidney Dysplasia ?,Kidney Dysplasia
What are the complications of Cirrhosis ?,Cirrhosis
What are the complications of Gastritis ?,Gastritis
What are the complications of Lupus Nephritis ?,Lupus Nephritis
What are the complications of Polycystic Kidney Disease ?,Polycystic Kidney Disease
What are the complications of Paget's Disease of Bone ?,Paget's Disease of Bone
What are the complications of IgA Nephropathy ?,IgA Nephropathy
What are the complications of Prostate Enlargement: Benign Prostatic Hyperplasia ?,Prostate Enlargement: Benign Prostatic Hyperplasia
What are the complications of Hemolytic Uremic Syndrome in Children ?,Hemolytic Uremic Syndrome in Children
What are the complications of Short Bowel Syndrome ?,Short Bowel Syndrome
What are the complications of Inguinal Hernia ?,Inguinal Hernia
What are the complications of Alagille Syndrome ?,Alagille Syndrome
What are the complications of Foodborne Illnesses ?,Foodborne Illnesses
What are the complications of Urine Blockage in Newborns ?,Urine Blockage in Newborns
What are the complications of Shingles ?,Shingles
What are the complications of Acquired Cystic Kidney Disease ?,Acquired Cystic Kidney Disease
What are the complications of Anemia in Chronic Kidney Disease ?,Anemia in Chronic Kidney Disease
What are the complications of Medullary Sponge Kidney ?,Medullary Sponge Kidney
What are the complications of Abdominal Adhesions ?,Abdominal Adhesions
What are the complications of Childhood Nephrotic Syndrome ?,Childhood Nephrotic Syndrome
What are the complications of Biliary Atresia ?,Biliary Atresia
What are the complications of Viral Gastroenteritis ?,Viral Gastroenteritis
What are the complications of Mineral and Bone Disorder in Chronic Kidney Disease ?,Mineral and Bone Disorder in Chronic Kidney Disease
What are the complications of Vesicoureteral Reflux ?,Vesicoureteral Reflux
What are the complications of Peyronie's Disease ?,Peyronie's Disease
What are the complications of Ectopic Kidney ?,Ectopic Kidney
What are the complications of Nephrotic Syndrome in Adults ?,Nephrotic Syndrome in Adults
What are the complications of Primary Biliary Cirrhosis ?,Primary Biliary Cirrhosis
What are the complications of Cyclic Vomiting Syndrome ?,Cyclic Vomiting Syndrome
What are the complications of Pyelonephritis: Kidney Infection ?,Pyelonephritis: Kidney Infection
What are the complications of Ulcerative Colitis ?,Ulcerative Colitis
